KONTO_NR;KONTO_BEZ;KONTO_TYP;KONTO_GRP;KONTO_ART
"27";"EDV-Software";"Aktiva";"Anlagekonten";"Bilanz"
"200";"Technische Anlagen und Maschinen";"Aktiva";"Anlagekonten";"Bilanz"
"430";"Ladeneinrichtung";"Aktiva";"Anlagekonten";"Bilanz"
"440";"Werkzeuge";"Aktiva";"Anlagekonten";"Bilanz"
"480";"Geringwertige Wirtschaftsgüter";"Aktiva";"Anlagekonten";"Bilanz"
"490";"Sonstige Betriebs-u.Gesch.ausstattung";"Aktiva";"Anlagekonten";"Bilanz"
"1000";"Kasse";"Aktiva";"Finanzkonto";"Bilanz"
"1202";"Hauptkonto";"Aktiva";"Finanzkonto";"Bilanz"
"1204";"Finanzzentrale � ZOE Solar (Qonto)";"Aktiva";"Finanzkonto";"Bilanz"
"1205";"Vertrieb ���������� ZOE Solar (Qonto)";"Aktiva";"Finanzkonto";"Bilanz"
"1206";"Personal �� ZOE Solar (Qonto)";"Aktiva";"Finanzkonto";"Bilanz"
"1207";"Administration �� ZOE Solar (Qonto)";"Aktiva";"Finanzkonto";"Bilanz"
"1208";"Gina & Simone � Privat (Qonto)";"Aktiva";"Finanzkonto";"Bilanz"
"1209";"Jeremy �� Privat (Qonto)";"Aktiva";"Finanzkonto";"Bilanz"
"1210";"Spesen �� ZOE Solar (Qonto)";"Aktiva";"Finanzkonto";"Bilanz"
"1211";"Schulze ������� Oma & Rico (Qonto)";"Aktiva";"Finanzkonto";"Bilanz"
"1212";"Paypal (alt)";"Aktiva";"Finanzkonto";"Bilanz"
"1213";"Gina & Simone � Privat (Qonto)";"Aktiva";"Finanzkonto";"Bilanz"
"1360";"Geldtransit";"Aktiva";"Interimskonto";"Bilanz"
"1371";"Verrechnungskonto EÜR";"Aktiva";"Finanzkonto";"Bilanz"
"1520";"Forderungen gegenüber Krankenkassen aus Aufwendungsausgleichsgesetz";"Aktiva";"Forderungen";"Bilanz"
"1571";"Abziehbare Vorsteuer 7%";"Aktiva";"Vorsteuer";"Bilanz"
"1576";"Abziehbare Vorsteuer 19%";"Aktiva";"Vorsteuer";"Bilanz"
"1577";"Abziehbare Vorsteuer § 13b UStG 19%";"Aktiva";"Vorsteuer";"Bilanz"
"1590";"Durchlaufende Posten";"Aktiva";"Interimskonto";"Bilanz"
"1740";"Verbindlichkeiten aus Lohn und Gehalt";"Passiva";"Verbindlichkeiten";"Bilanz"
"1741";"Verbindlichk. Lohn- und Kirchensteuer";"Passiva";"Verbindlichkeiten";"Bilanz"
"1742";"Verbindlichkeiten soziale Sicherheit";"Passiva";"Verbindlichkeiten";"Bilanz"
"1755";"Lohn- und Gehaltsverrechnungen";"Passiva";"Verbindlichkeiten";"Bilanz"
"1766";"Umsatzsteuer nicht fällig 19%";"Passiva";"Verbindlichkeiten";"Bilanz"
"1776";"Umsatzsteuer 19%";"Passiva";"Umsatzsteuer";"Bilanz"
"1780";"Umsatzsteuervorauszahlungen";"Passiva";"Umsatzsteuer-Vorauszahlungen";"Bilanz"
"1787";"Umsatzsteuer nach § 13b UStG 19%";"Passiva";"Umsatzsteuer";"Bilanz"
"1800";"Privatentnahmen allgemein";"Kapital";"Privat";"Bilanz"
"1840";"Zuwendungen, Spenden";"Kapital";"Privat";"Bilanz"
"1890";"Privateinlagen";"Kapital";"Privat";"Bilanz"
"2309";"Sonstige Aufwendungen unregelmäßig";"Aufwand";"Ausgaben";"GuV"
"2744";"Investitionszulagen (steuerfrei)";"Ertrag";"Einnahmen";"GuV"
"3000";"Roh-, Hilfs- und Betriebsstoffe";"Aufwand";"Ausgaben";"GuV"
"3100";"Fremdleistungen";"Aufwand";"Ausgaben";"GuV"
"3123";"Sonst. Leistung EU 16% / 19% Vorst., 16% / 19% USt";"Aufwand";"Ausgaben";"GuV"
"3200";"Wareneingang";"Aufwand";"Ausgaben";"GuV"
"3700";"Nachlässe";"Aufwand";"Ausgaben";"GuV"
"4110";"Löhne";"Aufwand";"Ausgaben";"GuV"
"4120";"Gehälter";"Aufwand";"Ausgaben";"GuV"
"4130";"Gesetzliche Sozialaufwendungen";"Aufwand";"Ausgaben";"GuV"
"4138";"Beiträge zur Berufsgenossenschaft";"Aufwand";"Ausgaben";"GuV"
"4140";"Freiwillige soziale Aufwendungen, lohnsteuerfrei";"Aufwand";"Ausgaben";"GuV"
"4167";"Pauschale Steuer auf sonstige Bezüge (z.B. Fahrtkostenzuschüsse)";"Aufwand";"Ausgaben";"GuV"
"4210";"Miete, unbewegliche Wirtschaftsgüter";"Aufwand";"Ausgaben";"GuV"
"4240";"Gas, Strom, Wasser";"Aufwand";"Ausgaben";"GuV"
"4260";"Instandhaltung betrieblicher Räume";"Aufwand";"Ausgaben";"GuV"
"4360";"Versicherungen";"Aufwand";"Ausgaben";"GuV"
"4380";"Beiträge";"Aufwand";"Ausgaben";"GuV"
"4390";"Sonstige Abgaben";"Aufwand";"Ausgaben";"GuV"
"4500";"Fahrzeugkosten";"Aufwand";"Ausgaben";"GuV"
"4530";"Laufende Fahrzeugbetriebskosten";"Aufwand";"Ausgaben";"GuV"
"4540";"Fahrzeugreparaturen";"Aufwand";"Ausgaben";"GuV"
"4580";"Sonstige Fahrzeugkosten";"Aufwand";"Ausgaben";"GuV"
"4595";"Fremdfahrzeugkosten";"Aufwand";"Ausgaben";"GuV"
"4600";"Werbekosten";"Aufwand";"Ausgaben";"GuV"
"4630";"Geschenke abzugsfähig ohne § 37b EStG";"Aufwand";"Ausgaben";"GuV"
"4650";"Bewirtungskosten";"Aufwand";"Ausgaben";"GuV"
"4653";"Aufmerksamkeiten";"Aufwand";"Ausgaben";"GuV"
"4654";"Nicht abzugsfähige Bewirtungskosten";"Aufwand";"Ausgaben";"GuV"
"4660";"Reisekosten Arbeitnehmer";"Aufwand";"Ausgaben";"GuV"
"4664";"Reisekosten Arbeitnehmer Verpflegungsmehraufwand";"Aufwand";"Ausgaben";"GuV"
"4666";"Reisekosten Arbeitnehmer Übernachtungsaufwand";"Aufwand";"Ausgaben";"GuV"
"4673";"Reisekosten Unternehmer, Fahrtkosten";"Aufwand";"Ausgaben";"GuV"
"4674";"Reisekosten UN Verpfleg.mehraufwand";"Aufwand";"Ausgaben";"GuV"
"4676";"Reisekosten UN Übernachtungsaufwand";"Aufwand";"Ausgaben";"GuV"
"4710";"Verpackungsmaterial";"Aufwand";"Ausgaben";"GuV"
"4800";"Reparatur/Instandh. Anlagen u. Maschinen";"Aufwand";"Ausgaben";"GuV"
"4806";"Wartungskosten für Hard- und Software";"Aufwand";"Ausgaben";"GuV"
"4900";"Sonstige betriebliche Aufwendungen";"Aufwand";"Ausgaben";"GuV"
"4910";"Porto";"Aufwand";"Ausgaben";"GuV"
"4920";"Telefon";"Aufwand";"Ausgaben";"GuV"
"4925";"Internetkosten";"Aufwand";"Ausgaben";"GuV"
"4930";"Bürobedarf";"Aufwand";"Ausgaben";"GuV"
"4950";"Rechts- und Beratungskosten";"Aufwand";"Ausgaben";"GuV"
"4955";"Buchführungskosten";"Aufwand";"Ausgaben";"GuV"
"4964";"Aufwendungen für Lizenzen, Konzessionen";"Aufwand";"Ausgaben";"GuV"
"4970";"Nebenkosten des Geldverkehrs";"Aufwand";"Ausgaben";"GuV"
"4980";"Sonstiger Betriebsbedarf";"Aufwand";"Ausgaben";"GuV"
"4985";"Werkzeuge und Kleingeräte";"Aufwand";"Ausgaben";"GuV"
"8200";"Erlöse";"Ertrag";"Einnahmen";"GuV"
"8290";"Erlöse 0% USt";"Ertrag";"Einnahmen";"GuV"
"8400";"Erlöse 19% USt";"Ertrag";"Einnahmen";"GuV"
"8579";"Provision, sonstige Erträge 19% USt";"Ertrag";"Einnahmen";"GuV"
"8600";"Sonstige Erlöse betrieblich und regelmäßig";"Ertrag";"Einnahmen";"GuV"
"8720";"Erlösschmälerungen 19% USt";"Ertrag";"Einnahmen";"GuV"
"10012";"Sammelkunde";"Aktiva";"Debitor";"Debitor"
"10018";"AOK Nordost";"Aktiva";"Debitor";"Debitor"
"10020";"Diederich, Hanno";"Aktiva";"Debitor";"Debitor"
"70003";"BAUHAUS Gesellschaft für Werkstatt, Haus und Freizeit Berlin mbH & Co. KG";"Passiva";"Kreditor";"Kreditor"
"70004";"Lidl GmbH";"Passiva";"Kreditor";"Kreditor"
"70005";"ALDI Einkauf GmbH & Co. OHG";"Passiva";"Kreditor";"Kreditor"
"70008";"Dirk Rossmann GmbH";"Passiva";"Kreditor";"Kreditor"
"70009";"Dirk Rossmann GmbH";"Passiva";"Kreditor";"Kreditor"
"70014";"Netto ApS & Co. KG";"Passiva";"Kreditor";"Kreditor"
"70018";"REWE Markt GmbH";"Passiva";"Kreditor";"Kreditor"
"70021";"BAUHAUS GmbH Nord- 0st & Co, KG Gesellschaft für Bau- und Hausbedarf";"Passiva";"Kreditor";"Kreditor"
"70024";"HELLWEG Die Profi-Baumärkte GmbH & Co. KG";"Passiva";"Kreditor";"Kreditor"
"70025";"EDEKA Handelsgesellschaft Südwest mbH";"Passiva";"Kreditor";"Kreditor"
"70027";"GALERIA Karstadt Kaufhof GmbH i.I.";"Passiva";"Kreditor";"Kreditor"
"70029";"Google Ireland Limited";"Passiva";"Kreditor";"Kreditor"
"70031";"S-Bahn Berlin GmbH";"Passiva";"Kreditor";"Kreditor"
"70035";"Deutsche Post AG";"Passiva";"Kreditor";"Kreditor"
"70036";"UNI ELEKTRO Fachgroßhandel GmbH & Co. KG";"Passiva";"Kreditor";"Kreditor"
"70037";"McDonald's Deutschland LLC";"Passiva";"Kreditor";"Kreditor"
"70047";"Woolworth GmbH";"Passiva";"Kreditor";"Kreditor"
"70053";"Handwerkskammer Berlin";"Passiva";"Kreditor";"Kreditor"
"70055";"POCO Einrichtungsmärkte GmbH";"Passiva";"Kreditor";"Kreditor"
"70056";"Kaufland Dienstleistung GmbH & Co. KG";"Passiva";"Kreditor";"Kreditor"
"70061";"Total Tankstelle";"Passiva";"Kreditor";"Kreditor"
"70096";"ARAL - REWE To Go Michael Heydt";"Passiva";"Kreditor";"Kreditor"
"70098";"Haufe Service Center GmbH";"Passiva";"Kreditor";"Kreditor"
"70102";"Jet Tankstelle ";"Passiva";"Kreditor";"Kreditor"
"70103";"Shell Deutschland Oil GmbH";"Passiva";"Kreditor";"Kreditor"
"70110";"OBI E-Commerce GmbH";"Passiva";"Kreditor";"Kreditor"
"70117";"Sammellieferant";"Passiva";"Kreditor";"Kreditor"
"70119";"AOK Nordost";"Passiva";"Kreditor";"Kreditor"
"70121";"Re-In Retail International GmbH";"Passiva";"Kreditor";"Kreditor"
"70131";"Sprint Tankstelle ";"Passiva";"Kreditor";"Kreditor"
"70133";"Finanzamt Schöneberg";"Passiva";"Kreditor";"Kreditor"
"70134";"Aral Tankstelle";"Passiva";"Kreditor";"Kreditor"
"70135";"ESSO Deutschland GmbH";"Passiva";"Kreditor";"Kreditor"
"70137";"Getränke Hoffmann GmbH";"Passiva";"Kreditor";"Kreditor"
"70141";"HEM Tankstelle";"Passiva";"Kreditor";"Kreditor"
"70142";"Mäc-Geiz";"Passiva";"Kreditor";"Kreditor"
"70148";"toom Baumarkt GmbH";"Passiva";"Kreditor";"Kreditor"
"70152";"Babo Sushi Kenan Dobak";"Passiva";"Kreditor";"Kreditor"
"70161";"OBI";"Passiva";"Kreditor";"Kreditor"
"70168";"Hornbach";"Passiva";"Kreditor";"Kreditor"
"70172";"Elektroshop ";"Passiva";"Kreditor";"Kreditor"
"70184";"JET - Tankslolle  Jörk Klemmo";"Passiva";"Kreditor";"Kreditor"
"70189";" YogiRestaurant Moabit Salpal Shinn";"Passiva";"Kreditor";"Kreditor"
"70197";"Star-Tankstelle";"Passiva";"Kreditor";"Kreditor"
"70198";"EDEKA Fil";"Passiva";"Kreditor";"Kreditor"
"70205";"Pizza Max";"Passiva";"Kreditor";"Kreditor"
"70207";"Obeta";"Passiva";"Kreditor";"Kreditor"
"70214";"Lieferando";"Passiva";"Kreditor";"Kreditor"
"70218";"obeta electro";"Passiva";"Kreditor";"Kreditor"
"70219";"11880";"Passiva";"Kreditor";"Kreditor"
"70221";"Lidl";"Passiva";"Kreditor";"Kreditor"
"70223";"AOK NordWest";"Passiva";"Kreditor";"Kreditor"
"70224";"Techniker Krankenkasse";"Passiva";"Kreditor";"Kreditor"
"70225";"BVG";"Passiva";"Kreditor";"Kreditor"
"70228";"Glaserei Bernd Müller GmbH";"Passiva";"Kreditor";"Kreditor"
"70229";"Memodo  GmbH";"Passiva";"Kreditor";"Kreditor"
"70230";"Die Blume";"Passiva";"Kreditor";"Kreditor"
"70233";"0815 Transporter";"Passiva";"Kreditor";"Kreditor"
"70234";"DAA";"Passiva";"Kreditor";"Kreditor"
"70237";"fielmann ";"Passiva";"Kreditor";"Kreditor"
"70242";"vattenfall";"Passiva";"Kreditor";"Kreditor"
"70261";"eplus";"Passiva";"Kreditor";"Kreditor"
"70262";"myplace SeltStorene Deln Lanerraum _ Heerstrasse";"Passiva";"Kreditor";"Kreditor"
"70264";"Hotel Ebner";"Passiva";"Kreditor";"Kreditor"
"70267";"AOK Bayern Die Gesundheitskasse";"Passiva";"Kreditor";"Kreditor"
"70268";"PFENNIGLAND";"Passiva";"Kreditor";"Kreditor"
"70269";"Baumarkt";"Passiva";"Kreditor";"Kreditor"
"70270";"Sun Tankstelle";"Passiva";"Kreditor";"Kreditor"
"70272";"Clean Car AG";"Passiva";"Kreditor";"Kreditor"
"70273";"Zalande Stores GmbH & Co. KG";"Passiva";"Kreditor";"Kreditor"
"70275";"SegenSolarGmbH";"Passiva";"Kreditor";"Kreditor"
"70276";"Agip Service-Station";"Passiva";"Kreditor";"Kreditor"
"70279";"Burger Paradise Yusuf Dino";"Passiva";"Kreditor";"Kreditor"
"70280";"Reifen-Müller Georg Müller GmbH & Co. KG";"Passiva";"Kreditor";"Kreditor"
"70281";"SunOyster Systems GmbH";"Passiva";"Kreditor";"Kreditor"
"70282";"Amazon EU S.à r.l.";"Passiva";"Kreditor";"Kreditor"
"70283";"Expert Systems AG";"Passiva";"Kreditor";"Kreditor"
"70285";"SegenSolar GmbH";"Passiva";"Kreditor";"Kreditor"
"70286";"Stadt Iömenau";"Passiva";"Kreditor";"Kreditor"
"70287";"Riverty Services GmbH";"Passiva";"Kreditor";"Kreditor"
"70288";"BG Bau ";"Passiva";"Kreditor";"Kreditor"
"70289";"SHELL STATI0N FSG GmbH P.Svar0vskY";"Passiva";"Kreditor";"Kreditor"
"70290";"Marchä Berlin Brandenburg Flughafen Mövenpick Café Terminal";"Passiva";"Kreditor";"Kreditor"
"70291";"KUNDENBELEG SUN lankstefle";"Passiva";"Kreditor";"Kreditor"
"70292";"Jet Tankstelle TS-Nr  Martin Breuer";"Passiva";"Kreditor";"Kreditor"
"70293";"Ringfoto Fehse, Jörg Fehse GmbH";"Passiva";"Kreditor";"Kreditor"
"70294";"Qonto";"Passiva";"Kreditor";"Kreditor"
"70295";"KUNOENBELLG SUN iamkstelle";"Passiva";"Kreditor";"Kreditor"
"70296";"AC Eurogida GmbH";"Passiva";"Kreditor";"Kreditor"
"70297";"bprint eutelle Christoph Plühn";"Passiva";"Kreditor";"Kreditor"
"70298";"NAKA24 GmbH";"Passiva";"Kreditor";"Kreditor"
"70299";"Powerplant Solar GmbH";"Passiva";"Kreditor";"Kreditor"
"70300";"810 C0MPANY SE";"Passiva";"Kreditor";"Kreditor"
"70301";"ELEKTRIESEKatarzyna KlincewiczWolnosci 117, 58-260 Bielawa";"Passiva";"Kreditor";"Kreditor"
"70302";"HelIweg Die Profi-Baumärkte GmbH & Co. KG";"Passiva";"Kreditor";"Kreditor"
"70303";"Berlin, Spandau Arcaden";"Passiva";"Kreditor";"Kreditor"
"70304";"Oskar Böttcher GmbH";"Passiva";"Kreditor";"Kreditor"
"70305";"Leiser Berlin";"Passiva";"Kreditor";"Kreditor"
"70306";"Globe  Fachmärkte GmbH a Co. KG 05 BFM Germendorf";"Passiva";"Kreditor";"Kreditor"
"70307";"Ansbacher Apotheke Frau Traudl Vogel";"Passiva";"Kreditor";"Kreditor"
"70308";"Sushi City Nollendorfstrasse";"Passiva";"Kreditor";"Kreditor"
"70309";"Besserladen.de";"Passiva";"Kreditor";"Kreditor"
"70310";"SAT-World GmbH";"Passiva";"Kreditor";"Kreditor"
"70311";"elektroland24 GmbH & Co. KG";"Passiva";"Kreditor";"Kreditor"
"70312";"mein-elektro24.com";"Passiva";"Kreditor";"Kreditor"
"70313";"SEC SolarEnergyConsult";"Passiva";"Kreditor";"Kreditor"
"70314";"mkk - meine krankenkasse";"Passiva";"Kreditor";"Kreditor"
"70315";"IMO Autopflege WS 524 Kyriaki Eleftheriadou";"Passiva";"Kreditor";"Kreditor"
"70316";"EOV.de GmbH";"Passiva";"Kreditor";"Kreditor"
"70317";"Memodo GmbH";"Passiva";"Kreditor";"Kreditor"
"70318";"Buchungsbestätigung BLICHUNOSNUMMER. 3026.887.286";"Passiva";"Kreditor";"Kreditor"
"70319";"FEB Fördergesellschaft";"Passiva";"Kreditor";"Kreditor"
"70320";"Prime Solar Solutions UG";"Passiva";"Kreditor";"Kreditor"
"70321";"Bosswerk GmbH & Co. KG";"Passiva";"Kreditor";"Kreditor"
"70322";"DAA GmbH";"Passiva";"Kreditor";"Kreditor"
"70323";"Jennifer Schäffner";"Passiva";"Kreditor";"Kreditor"
"70324";"Kundenbeleg HZA Berlin Zollzahlstelle";"Passiva";"Kreditor";"Kreditor"
"70325";"Renova ";"Passiva";"Kreditor";"Kreditor"
"70326";"KingB Trading GmbH";"Passiva";"Kreditor";"Kreditor"
"70327";"TotalEnergies Tankstelle TO Autoservice GmbH";"Passiva";"Kreditor";"Kreditor"
"70328";"0BI GmbH & Co. Deutschland KG Filiale Berlin Spandau";"Passiva";"Kreditor";"Kreditor"
"70329";"Jagdnaus Spandau";"Passiva";"Kreditor";"Kreditor"
"70330";"0BI OrbH & Co. Deutschland KG Fillaie Berlin Spandau";"Passiva";"Kreditor";"Kreditor"
"70331";"BORGA GmbH";"Passiva";"Kreditor";"Kreditor"
"70332";"Dachbau GmbH";"Passiva";"Kreditor";"Kreditor"
"70333";"Bauhaus Fachcentren Umbil & Co. KG 604 DERLIN";"Passiva";"Kreditor";"Kreditor"
"70334";"Cafe Lutetia";"Passiva";"Kreditor";"Kreditor"
"70335";"Bakra Sp Z.O.O";"Passiva";"Kreditor";"Kreditor"
"70336";"Vadenfall Europe Sales GmbH";"Passiva";"Kreditor";"Kreditor"
"70337";"Quartier Apotheke. Die Gesundheitsexperten vor Ort.";"Passiva";"Kreditor";"Kreditor"
"70338";"Ara an<ste _ e Gordon FirleY";"Passiva";"Kreditor";"Kreditor"
"70339";"Tier GmbH ";"Passiva";"Kreditor";"Kreditor"
"70340";"star- Tankstelle Eyleen Bredenhagen";"Passiva";"Kreditor";"Kreditor"
"70341";"Altstadt späti";"Passiva";"Kreditor";"Kreditor"
"70342";"Nahkauf Ronny Farber";"Passiva";"Kreditor";"Kreditor"
"70343";"HEM-Panketal f52";"Passiva";"Kreditor";"Kreditor"
"70344";"Bezirksamt Neukölln von Berlin";"Passiva";"Kreditor";"Kreditor"
"70345";"Stadt Keit n/Have] Havelfähre "Charlotte";"Passiva";"Kreditor";"Kreditor"
"70346";"EDEKA Meissner";"Passiva";"Kreditor";"Kreditor"
"70347";"Blume 2000 SE";"Passiva";"Kreditor";"Kreditor"
"70348";"Altstadt Späti";"Passiva";"Kreditor";"Kreditor"
"70349";"mein";"Passiva";"Kreditor";"Kreditor"
"70350";"Kosteneinziehungsstelle der Justiz ";"Passiva";"Kreditor";"Kreditor"
"70351";"RA Christof Maurer";"Passiva";"Kreditor";"Kreditor"
"70352";"Shell Station";"Passiva";"Kreditor";"Kreditor"
"70353";"BORGA GmbH";"Passiva";"Kreditor";"Kreditor"
"70354";"Optiker Bode";"Passiva";"Kreditor";"Kreditor"
"70355";"0ptiker Bode OmbH";"Passiva";"Kreditor";"Kreditor"
"70356";"Lidl";"Passiva";"Kreditor";"Kreditor"
"70357";"SUN Tankstelle";"Passiva";"Kreditor";"Kreditor"
"70358";"SHELL Station";"Passiva";"Kreditor";"Kreditor"
"70359";"KTG Baumaschinen GmbH";"Passiva";"Kreditor";"Kreditor"
"70360";"Bauhaus GmbH & Co. KG";"Passiva";"Kreditor";"Kreditor"
"70361";"Sprint Tankstelle";"Passiva";"Kreditor";"Kreditor"
"70362";"Altstadt Späti";"Passiva";"Kreditor";"Kreditor"
"70363";"Aktiv Werbung Freiburg";"Passiva";"Kreditor";"Kreditor"
"70364";"Neuformhaus am Markt";"Passiva";"Kreditor";"Kreditor"
"70365";"Tabak Zeitschriften Lotto Schuhbauer";"Passiva";"Kreditor";"Kreditor"
"70366";"Sushi Mana, Inh. Mhd. Jumaa Adilla";"Passiva";"Kreditor";"Kreditor"
"70367";"Kath Hasenfuss Recycling GmbH";"Passiva";"Kreditor";"Kreditor"
"70368";"Shell Station ";"Passiva";"Kreditor";"Kreditor"
"70369";"P0C0 EinrichtüngsMärkte GmbH Filiale Ber1in-Kreuzber0";"Passiva";"Kreditor";"Kreditor"
"70370";"SHELL STATI0N M. Scheffel Tankstellen GmbH";"Passiva";"Kreditor";"Kreditor"
"70371";"Total Energies Station Steven Hanke";"Passiva";"Kreditor";"Kreditor"
"70372";"Sprint Tankstelle Christoph Plöhn";"Passiva";"Kreditor";"Kreditor"
"70373";"Kremer Hausverwaltungen GmbH";"Passiva";"Kreditor";"Kreditor"
"70374";"SHELL STATI0N m. Scheffel Tankstellen Gcbil";"Passiva";"Kreditor";"Kreditor"
"70375";"lila Bäcker";"Passiva";"Kreditor";"Kreditor"
"70376";"Schmitt's Allerlei";"Passiva";"Kreditor";"Kreditor"
"70377";"Restaurant Meilenstein";"Passiva";"Kreditor";"Kreditor"
"70378";"TotalEnergies Tankstelle Sabine Elss";"Passiva";"Kreditor";"Kreditor"
"70379";"Jagdhaus Restaurant";"Passiva";"Kreditor";"Kreditor"
"70380";"Lydia Dienert TotalEnergies Station";"Passiva";"Kreditor";"Kreditor"
"70381";"0BI Fillaie Fillaie Berlin";"Passiva";"Kreditor";"Kreditor"
"70382";"Alnatur Super Natur Markt";"Passiva";"Kreditor";"Kreditor"
"70383";"Aral Tankstelle";"Passiva";"Kreditor";"Kreditor"
"70384";"Aral Tankstelle";"Passiva";"Kreditor";"Kreditor"
"70385";"ESSO Station Stephanie John";"Passiva";"Kreditor";"Kreditor"
"70386";"EDEKA Fil. 54E0";"Passiva";"Kreditor";"Kreditor"
"70387";"HEM-Tankstelle Lychen";"Passiva";"Kreditor";"Kreditor"
"70388";"Obeta Elektro Vertriebsgesellschaft mbH";"Passiva";"Kreditor";"Kreditor"
"70389";"0BI GmbH & Co. Deutschland KG, Filiale Berlin";"Passiva";"Kreditor";"Kreditor"
"70390";"Fairmount GmbH";"Passiva";"Kreditor";"Kreditor"
"70391";"KUN0ENBELEG SUN Tankstelle";"Passiva";"Kreditor";"Kreditor"
"70392";"ESS0 Stati0n Monika Beddig ESSO STATI0N";"Passiva";"Kreditor";"Kreditor"
"70393";"Norma";"Passiva";"Kreditor";"Kreditor"
"70394";"Rewe";"Passiva";"Kreditor";"Kreditor"
"70395";"Bad�Apotheke'";"Passiva";"Kreditor";"Kreditor"
"70396";"Flink SE ";"Passiva";"Kreditor";"Kreditor"
"70397";"MyHammer GmbH";"Passiva";"Kreditor";"Kreditor"
"70398";"SelfStorage Dein Lagerraum GmbH";"Passiva";"Kreditor";"Kreditor"
"70399";"EN Leads GmbH";"Passiva";"Kreditor";"Kreditor"
"70400";"Apple";"Passiva";"Kreditor";"Kreditor"
"70401";"1&1 Telecom GmbH";"Passiva";"Kreditor";"Kreditor"
"70402";"HDI Versicherung AG";"Passiva";"Kreditor";"Kreditor"
"70403";"ENJOY KEBAB";"Passiva";"Kreditor";"Kreditor"
"70404";"Pizza luna ";"Passiva";"Kreditor";"Kreditor"
"70405";"Rewe Schneider";"Passiva";"Kreditor";"Kreditor"
"70406";"HELLWEG";"Passiva";"Kreditor";"Kreditor"
"70407";"Presse & Tabak-Center";"Passiva";"Kreditor";"Kreditor"
"70408";"star- TarKstelle Felix Riehs";"Passiva";"Kreditor";"Kreditor"
"70409";"TotalEnergies Tankstelle";"Passiva";"Kreditor";"Kreditor"
"70410";"Bauhaus mbH & Co. KG Hasenheide";"Passiva";"Kreditor";"Kreditor"
"70411";"SUN lankstelle";"Passiva";"Kreditor";"Kreditor"
"70412";"Bauhaus 643 BERLIN-KUDAMM";"Passiva";"Kreditor";"Kreditor"
"70413";"TotalEnergies Station Lydia Dienert";"Passiva";"Kreditor";"Kreditor"
"70414";"Bauhaus 623 BERLIN-SPANDAU";"Passiva";"Kreditor";"Kreditor"
"70415";"KIEZKNEIPE";"Passiva";"Kreditor";"Kreditor"
"70416";"TotalEnergies Tankstelle Antje Waterstradt";"Passiva";"Kreditor";"Kreditor"
"70417";"HEM Bozena Bober";"Passiva";"Kreditor";"Kreditor"
"70418";"Aral Tankstelle Sven Polster-Aheimer";"Passiva";"Kreditor";"Kreditor"
"70419";"Die Blume Soujke Belling";"Passiva";"Kreditor";"Kreditor"
"70420";"Kaufland";"Passiva";"Kreditor";"Kreditor"
"70421";"REWE Pilaske 0HG";"Passiva";"Kreditor";"Kreditor"
"70422";"Bauhaus mbH & Co. KG";"Passiva";"Kreditor";"Kreditor"
"70423";"Digistore GmbH";"Passiva";"Kreditor";"Kreditor"
"70424";"sipgate GmbH";"Passiva";"Kreditor";"Kreditor"
"70425";"IONOS SE";"Passiva";"Kreditor";"Kreditor"
"70426";"Wolt Enterprises Deutschland GmbH";"Passiva";"Kreditor";"Kreditor"
"70427";"Lidl Digital International GmbH";"Passiva";"Kreditor";"Kreditor"
"70428";"Cleverbridge GmbH";"Passiva";"Kreditor";"Kreditor"
"70429";"alupedia Borga GmbH";"Passiva";"Kreditor";"Kreditor"
"70430";"ESSO Stephanie John";"Passiva";"Kreditor";"Kreditor"
"70431";"Aral Tankstelle Anne Notzke";"Passiva";"Kreditor";"Kreditor"
"70432";"Total Energies Station Steven Hanke";"Passiva";"Kreditor";"Kreditor"
"70433";"BI0 C0MPANY SE";"Passiva";"Kreditor";"Kreditor"
"70434";"H0RNHACH Baumarkt AG Filiale";"Passiva";"Kreditor";"Kreditor"
"70435";"H0RNBACH Baumarkt AG Fillale";"Passiva";"Kreditor";"Kreditor"
"70436";"Globus Fachnerkte UmbH 8 Co. KG 79 BFM Lindenberg";"Passiva";"Kreditor";"Kreditor"
"70437";"Bauhaus 577 Birkenwerder";"Passiva";"Kreditor";"Kreditor"
"70438";"AGIP Service";"Passiva";"Kreditor";"Kreditor"
"70440";"CAPPUCCINO";"Passiva";"Kreditor";"Kreditor"
"70441";"SHELL STATI0N Scheffel Tankstellen GmbH";"Passiva";"Kreditor";"Kreditor"
"70442";"Bauhaus mbH & Co. KG 814 BERLIN";"Passiva";"Kreditor";"Kreditor"
"70443";"Jet Tanketelle  Martin Breuer";"Passiva";"Kreditor";"Kreditor"
"70444";"SB Tankstelle Haken öztürk";"Passiva";"Kreditor";"Kreditor"
"70446";"Taboola Germany";"Passiva";"Kreditor";"Kreditor"
"70447";"Löffel Elektrotechnik GmbH";"Passiva";"Kreditor";"Kreditor"
"70448";"ELEKTRO-FISCHER";"Passiva";"Kreditor";"Kreditor"
"70449";"Keep Moments - Veranstaltungstechnik Alte";"Passiva";"Kreditor";"Kreditor"
"70450";"0BI GmbH & Co. Deutschland KG, Filiale Berlin - Steglitz";"Passiva";"Kreditor";"Kreditor"
"70451";"0BI Heimwerkermarkt GmbH a Co.KG Filiale Rangsdorf";"Passiva";"Kreditor";"Kreditor"
"70452";"HEM Tankstelle Bozena Bober";"Passiva";"Kreditor";"Kreditor"
"70453";"Sprint Tankstelle Ploehn";"Passiva";"Kreditor";"Kreditor"
"70454";"UNI Elektro Fachgroßhandel GmbH & Co. KG";"Passiva";"Kreditor";"Kreditor"
"70455";"ESS0 Station Monika Beddig ESS0 STATI0N";"Passiva";"Kreditor";"Kreditor"
"70456";"SHELL STATI0N P. Killmayer T. V. & B. GmbH";"Passiva";"Kreditor";"Kreditor"
"70457";"Valentin Software GmbH";"Passiva";"Kreditor";"Kreditor"
"70459";"Adobe Systems Software Ireland Limited";"Passiva";"Kreditor";"Kreditor"
"70460";"Freepik Company SL";"Passiva";"Kreditor";"Kreditor"
"70461";"Aufladen.de";"Passiva";"Kreditor";"Kreditor"
"70462";"Hellweg die Profi-Baumärkte GmbH & Co. KG";"Passiva";"Kreditor";"Kreditor"
"70463";"Digistore24 GmbH";"Passiva";"Kreditor";"Kreditor"
"70464";"Builderall";"Passiva";"Kreditor";"Kreditor"
"70465";"Netfix Services Germany GmbH";"Passiva";"Kreditor";"Kreditor"
"70466";"openAI";"Passiva";"Kreditor";"Kreditor"
"70467";"Bauhaus 596 Berlin";"Passiva";"Kreditor";"Kreditor"
"70468";"JET-Tankstelle TS-Nr.  Dana Kolwitz";"Passiva";"Kreditor";"Kreditor"
"70469";"Aral Center Madeleine Walther-Schulz";"Passiva";"Kreditor";"Kreditor"
"70470";"invoicefetcher UG";"Passiva";"Kreditor";"Kreditor"
"70471";"PageOne Traffic Inc";"Passiva";"Kreditor";"Kreditor"
"70472";"Aral Tankstelle Mirco Engelbrecht";"Passiva";"Kreditor";"Kreditor"
"70473";"SUN Petrol Tankstelle";"Passiva";"Kreditor";"Kreditor"
